,Adı,Anlamı,Künyesi,Lakabı,Baba Adı,Anne Adı,Kabilesi,Doğum Yeri,Doğum Yılı,İslam’a Girişi,Sohbet Süresi,Rivayeti,Savaşları,Görevleri,Vefat Yeri,Vefat Yılı,Vefat Yaşı,Eşi/Eşleri,pID,Vefat Bolge
17,Abdullah b. Cafer,Allah’ın Kulu,Ebû Cafer / Cafer’in babası,Bahrü’l-Cûd / Cömertlik deryası,Cafer b. Ebî Talib,Esma bint Ümeys,Haşimoğulları/Mekke,Habeşistan,"H. Öncesi, 7 / Miladî, 616",Doğuştan,3,23,Sıffin,"Komutanlık, Danışmanlık",Baki Kabristanlığı/Medine,"Hicrî, 80 / Miladî, 700",84,,8117,Medine
52,Abdullah b. Amr,Allah’ın kulu,Ebû Muhammed,Abâdile,Amr b. Âs b. Vâil,Rayta bint Münebbih,Sehmoğulları/Kureyş,Mekke,"Hicret Öncesi, 7/ Milâdî, 615",Çocukluktan itibaren,10,700,"Şam, Yermuk , Siffin",['Mısır Valiliği'],Fustat/Kahire/Mısır,"Hicrî, 65/ Milâdî, 685",70,,8152,Mısır
49,Abdullah b. Zübeyr,Allah’ın kulu,"['Ebû Bekir', 'Ebû Hubeyb']",Hamâmetü’l-Mescid,Zübeyr b. Avvâm,Esma bint Ebî Bekir,Esedoğulları/Mekke,Medine,Hicrî 1/ Milâdî 622,Çocukluktan itibaren,8,33,"['Suriye ve Mısır', 'Yermûk', 'İfrikkıyye', 'Taberistan']","Kur’an’ı çoğaltma heyeti , hilafet",Mekke,"Hicrî, 73/Milâdî, 692",70,,8149,['Mekke']
79,Nu‘mân b. Beşir,"Gelincik, kan",Ebû Abdullah,,Beşîr b. Sa’d,Amre bint Revâha,Malikoğulları/Hazrec,Medine,"Hicrî, 2/ Milâdî, 623",Doğuştan,10,124,"['Suriye', 'Cezire Fetihleri']","['Valilik', 'Kadılık']",Bîrîn/Humus/Suriye,"Hicrî, 64/ Milâdî, 684",61,,8179,['Suriye']
29,Hasan b. Ali,"Güzel, iyi ve hoş",Ebû Muhammed / Muhammed’in babası,Mücteba / Seçilmiş ve seçkin - Takî / Günahtan kaçınan,Ali b. Ebi Talib,Fâtıma bint Muhammed (sas),Haşimoğulları/Mekke,Medine,"Hicrî, 3 / Miladî, 625",Çocukluktan beri,7,13,"Cemel, Sıffın, Nehrevan, Horasan Fethi vs.","Hz. Osman’ı koruma, 6 aylık bir hilafet",Baki Kabristanlığı/Medine,"Hicrî, 49 / Miladî, 669",44,,8129,['Medine']
54,Hüseyin b. Ali,"Küçük güzel, iyi ve hoş",Ebû Abdullah,eş-Şehid,Ali b. Ebi Talib,Fâtıma bint Muhammed (sas),Hâşimoğulları/Mekke,Medine,"Hicrî, 4/Milâdî, 626",Doğuştan,6,8,"['Horasan Fethi', 'Cemel', 'Sıffîn', 'Nehrevân ve Kerbelâ']","['Askerlik', 'Hz. Osman’ı koruma']",Kerbelâ/Irak,"Hicrî, 61/Milâdî, 680",54,,8154,['Irak']
35,Hafsa bint Ömer,"Sırtlanın dişisi, toplama ve biriktirme",Ümmü’l-Mü’minin/Mü’minlerin annesi,Binti Ebîha/Babasının kızı,Ömer b. Hattab,Zeynep bint Maz’ûn b. Habib,Adiyyoğulları/Mekke,Mekke,"N. Öncesi , 6/ Miladî, 604",Nübüvvetin 6. yılı,17,60,,,Baki Kabristanlığı/Medine,"Hicrî, 45/Miladî, 665",64,"Huneys b. Huzâfe es-Sehmi, Muhammed b. Abdullah (sas)",8135,['Medine']
80,Abdurrahman b. Sahr,Rahman’ın kulu,Ebû Hüreyre,İlmin kabı,Sahr b. Amir b. Abdizi’ş-Şera,Ümeyme bint Subeyh,Devsoğulları/Yemen,Yemen,"N. Öncesi, 10/Milâdî, 600",Hicretin 7. yılı,4,5374,"['Mekke Fethi', 'Yermûk', 'Cürcan']",['Bahreyn ve Medine valiliği'],Baki Kabristanlığı/Medine,"Hicrî, 58/ Milâdî, 678",78,,8180,['Medine']
53,Ali b. Ebi Talib,"Yüce, ulu, şerefli",Ebû Turab,"['Haydar-ı Kerrar', 'Murtazâ']",Ebû Talib b. Abdülmuttalib,Fâtıma bint Esed,Hâşimoğulları/Mekke,Mekke,"N. Öncesi, 10/Milâdî, 600",Nübüvvetin ilk günleri,23,536,['Tebük hariç tüm gazveler.'],"['Vahiy katipliği', 'hac emirliği', 'halifelik']",Kûfe/Irak,"Hicrî, 17 Ramazan 40/Milâdî, 24 Ocak 661",61,,8153,['Irak']
38,Amr b. Ma’dîkerib,"Ömürlü, ömür sürmek",Ebû Sevr/ Sevr’in Babası,Bilinmiyor.,Ma’dikerib b. Abddullah,Tespit edilemedi.,Zübeydoğulları/Mezhic/Yemen,Yemen,"N. Öncesi, 106/Miladî, 504",Hicretin 10. yılı,1,10,"Ridde Savaşları, Yermûk, Kadisiye, Şam Fetihleri, Rey vs.",Bilinmiyor.,Rûze/Rey/İran,"Hicrî, 21/ Miladî, 642",138,,8138,['İran']
5,Es’ad b. Zürâre,"Çok hayırlı, çok saâdetli",Ebû Ümame / Ümame’nin babası,Nakîbu’l-Neccar / Neccaroğulları’nın temsilcisi,Zürâre b. Udes b. Ubeyd,Suad / Fürey’a bint Rafi,Neccaroğulları/Hazrec,Medine,"N. Öncesi, 11 / Miladî, 589",Nübüvvetin 11. yılı,1,0,,"Medine’de Cuma namazı kıldırması, Akabe’de seçilen nakiblerden / temsilcilerden olması",Baki Kabristanlığı/Medine,"Hicrî, 1 / Miladî, 623",34,,8105,['Medine']
24,Hubeyb b. Adîy,"Küçük tane, sevgicik",Tespit edilemedi.,eş-Şehid / Şehid,Adiyy b. Mâlik b. Âmir,Tespit edilemedi.,Amr b. Avfoğulları/Evs,Medine,"N. Öncesi, 13 / Miladî, 597",Hicretin 1. yılı,4,Tespit edilemedi.,"Bedir, Uhud",Muallimlik,Mekke,"Hicrî, 4 / Miladî, 625",28,,8124,['Mekke']
2,Esma bint Ebî Bekir,"İsimler, adlar",Ümmü Abdullah / Abdullah’ın annesi,Zâtünnitâkayn / Çift Kuşaklı,Abdullah b. Osman,Kuteyle bint Abdüluzza,Teymoğulları/Mekke,Mekke,"N. Öncesi, 15 / Miladî, 595",Nübüvvetin ilk günleri,23,58,,,Mekke,"Hicrî, 73 / Miladî, 692",97,Zübeyr b. Avvâm,8102,['Mekke']
48,Zübeyr b. Avvâm,Yazılı küçük Not,Ebû Abdullah,Havâriü’r-Resûl,Avvâm b. Hüveylid,Safiyye bint Abdülmuttalib,Esedoğulları/Mekke,Mekke,"N. Öncesi, 16/ Milâdî, 594",Nübüvvetin ilk günleri,23,38,"['Tüm gazveler', 'Yermük', 'Mısır Fethi', 'Cemel']","Şura azalığı , komutanlık",Siba vadisi/ Basra/Irak,"Hicrî, 36/Milâdî, 656",64,,8148,['Irak']
74,Sa'd b. Ebi Vakkâs,"Mutlu, sakin ve iyi halli",Ebü’l-İshak/ İshak’ın babası,el-Esed fî Berâsinihî/ Arslan Pençesi,Ebû Vakkâs/Malik b. Ubeyd,Hamne bint Süfyân,Zühreoğulları/Mekke,Mekke,"N. Öncesi, 17/ Milâdî, 593",Nübüvvetin ilk günleri,23,271,"Bedir, Uhud, Hendek; Râbiğ","Harar, Buvat seriyyeleri vs. / Kûfe valiliği, kumandanlık",Baki Kabristanlığı/Medine,"Hicrî, 55/ Milâdî, 657",82,,8174,['Medine']
25,Abdullah b. Mes’ûd,Allah’ın Kulu,Ebû Abdurrahman / Abdurrahman’ın babası,İbn Ümmü Abd / Ümmü Abd’ın Oğlu,Mes’ûd b. Ğafil b. Habib,Ümmü Abd bint Abduvüd,Hüzeyloğulları / Yemen,Mekke,"N. Öncesi, 18 / Miladî, 592",Nübüvvetin ilk günleri,23,848,"Bedir, Uhud, Hendek ",Kufe Kadılığı,Baki Kabristanlığı/Medine,"Hicrî, 32 / Miladî, 653",61,,8125,Medine
45,Erkam b. Ebi’l-Erkam,"Rakamlar, sayılar",Ebû Abdullah,Sahibu’d-Dâr,Ebû’l-Erkam,Tümâdir bint Hizyem,Mahzûmoğulları/Mekke,Mekke,"N. Öncesi, 18/ Milâdî, 592",Nübüvvetin ilk günleri,23,2,"['Bedir', 'Uhud', 'Hendek vs.']",['Zekât memurluğu'],Baki Kabristanlığı/Medine,"Hicrî, 55/ Milâdî, 657",83,,8145,['Medine']
20,Saîd b. Zeyd,"Mesut, mutlu ve bahtiyar",Ebû’l-Aver / Aver’in babası,Tespit edilemedi.,Zeyd b. Amr b. Nüfeyl,Fatıma bint Ba’ce b. Ümeyye,Adiyyoğulları/Mekke,Mekke,"N. Öncesi, 19 / Miladî, 591",Nübüvvetin ilk günleri,23,48,"Bedir, Uhud, Hendek, Mekke Fethi, Yermûk, Ecnadeyn vs.","Komutanlık, danışmanlık",Baki Kabristanlığı/Medine,"Hicrî, 51 / Miladî, 670",80,,8120,['Medine']
44,Talha b. Ubeydullah,Akasya ağacı,Ebû Muhammed,Talhatü’l-Feyyad,Ubeydullah b. Osman,Sa’be bint Abdullah b. İmad,Teymoğulları/Mekke,Mekke,"N. Öncesi, 20 / Milâdî, 590",Nübüvvetin ilk günleri,23,38,Tüm gazveler,"İstihbarat, askerlik ",Basra/Irak,"Hicrî, 36 / Milâdî, 656",66,,8144,['Irak']
18,Uveymir b. Âmr,"Küçük Ömer, Ömercik",Ebu’d-Derda / Derdâ’nın babası,Mukrîi / Okuyucu,Âmr b. Malik b. Zeyd,Mehabbe bint Vâkıd b. Amr,Harisoğulları/Hazrec,Medine,"N. Öncesi, 20-23 / Miladî, 587-590",Hicretin 2. yılı,9,179,"Hendek, Yermûk, Suriye Fetihleri, vs.","Kadılık, Muallimlik",Şam/Suriye,"Hicrî,32 / Miladî, 652",62,,8118,['Suriye']
71,Sâlim b. Übeyd,"Korkusuz, kusursuz ve sağlıklı",Mevla Ebî Huzeyfe,İmamü’l-Muhacirin / Muhacirlerin İmamı,Ubeyd b. Rebîa,Tespit edilemedi.,Abdüşemsoğulları’nın azatlısı,İran,"N. Öncesi, 20-25 / Milâdî, 585, 590 (?)",Nübüvvetin ilk günleri,23,2,"Bedir, Uhud, Hendek, Yemâme vs.","İmamlık, bayraktarlık",Yemâme,"Hicrî, 12/ Milâdî, 633",48,,8171,['Yemâme']
39,Sa’d b. Muâz,"Mutlu, sakin ve iyi halli",Ebû Amr/Amr’ın Babası,Seyyidü’l-Kavm/ Kavminin Efendisi,Muâz b. Nu’man,Ümmü Sa’d/Kebşe bint Rafi,Abdüleşheloğulları/Evs,Medine,"N. Öncesi, 20/ Miladî, 590",Nübüvvetin 12. yılı,5,1,"Bedir, Uhud, Hendek vs.","Buvat seriyyesi sırasında vekillik, Kurayzaoğulları olayında hakemlik",Baki Kabristanlığı/Medine,"Hicrî, 5/ Miladî, 627",37,,8139,['Medine']
69,Abdullah b. Selâm,Allah’ın Kulu,Ebû Yusuf/Yusuf’un babası,Abâdile-i Seb’a/Yedi Abdullah’tan Biri,Selâm b. el-Hâris,Tespit edilemedi.,Banu Qaynuqa,Medine,"N. Öncesi, 21/Milâdî, 589",Hicretin 1. yılı,10,13,"Uhud, Benî Nadr, Benî Kurayza, Kudüs, Nihavend",Muallimlik,Medine,"Hicrî, 43/ Milâdî, 664",75,,8169,['Medine']
40,Zeyneb bint Cahş,Ziynetli ve süslü hanım,Ümmü Hakem,Ümmü’l-Mesâkîn,Cahş b. Riyab,Ümeyme bint Abdülmuttalib,Esedoğulları/Mekke,Mekke,"N. Öncesi, 22/ Milâdî, 588",Nübüvvetin ilk günleri,23,11,,,Baki Kabristanlığı/Medine,"Hicrî, 20/Milâdî, 641",53,"Zeyd b. Hârise , Muhammed b. Abdullah (sas)",8140,['Medine']
57,Ukkâşe b. Mihsan,"Örümcek, örümcek ağı",Ebû Mihsan,Sahibul’l-Avn,Mihsan b. Hursân,Ümmü Ukkâşe,Abdüşemsoğulların Antlaşmalısı,Mekke,"N. Öncesi, 22/Milâdî, 588",Nübüvvetin ilk günleri,23,10,"['Bedir', 'Uhud', 'Hendek', 'Ridde savaşları', 'Beni Esed seriyyesi']",['Komutanlık'],Necid/Suudi Arabistan,"Hicrî, 11/Milâdî, 632",44,,8157,['Suudi Arabistan']
3,Suheyb-i Rumî b. Sinân,"Kıpkırmızı, kızılca",Ebû Yahya / Yahya’nın babası,er-Rumî / Rum diyarından,Sinân b. Mâlik,Selma bint Kaid,Rebiaoğulları / Irak,Irak,"N. Öncesi, 24 / Miladî, 586",Nübüvvetin ilk günleri,23,30,"Bedir, Uhud, Hendek, Hayber, Tebûk vs.","Komutanlık, vekillik",Medine,"Hicrî, 38 / Miladî, 659",73,,8103,['Medine']
70,Habbâb b. Eret,"Çokça seven, dost olan",Ebû Abdullah / Abdullah’ın Babası,Tespit edilemedi.,Eret b. Cendele,Tespit edilemedi.,Temimoğulları/Irak,Irak,"N. Öncesi, 24/Milâdî, 586",Nübüvvetin ilk günleri,23,32,"Bedir, Uhud, Hendek, vs.",Birkaç komutanlık,Kûfe/Irak,"Hicrî, 37/ Milâdî, 658",72,,8170,['Irak']
31,Zeyd b. Hattâb,"Artan, çoğalan, ziyadeleşen",Ebû Abdurrahman / Abdurrahman’ın babası,Tespit edilemedi.,Hattab b. Nüfeyl,Esma bint Vehb,Adiyyoğulları/Mekke,Mekke,"N. Öncesi, 25 / Miladî, 582 (?)",Nübüvvetin ilk günleri,23,10,"Bedir, Uhud, Hendek, Yemâme, vs.","Komutanlık, sancaktarlık",Yemâme,"Hicrî, 12 / Miladî, 633",51,,8131,['Yemâme']
11,Abdullah b. Cahş,Allah’ın kulu,Ebû Muhammed / Muhammed’in babası,el-Mücedda fillah / Allah yolunda burnu kesilmiş,Cahş b. Riyab,Ümeyme bint Abdülmuttalib,Esedoğulları/Mekke,Mekke,"N. Öncesi, 25 / Miladî, 585",Nübüvvetin ilk günleri,10,2,"Nahle seriyyesi, Bedir , Uhud",Askerlik,Uhud Şehitliği / Medine,"Hicrî, 11 Şevval 3 / Miladî, 27 Mart 625",40,,8111,Uhud
28,Mus’ab b. Umeyr,"Zorlu, güçlü ve dayanıklı",Ebû Muhammed / Muhammed’in babası,Mus’abü’l-Hayr / Hayırlı Mus’ab,Umeyr b. Haşim,Hunas bint Mâlik,Abduddaroğulları / Mekke,Mekke,"N. Öncesi, 25 / Miladî, 585",Nübüvvetin ilk günleri,16,0,Bedir ve Uhud,Medine’ye ilk gönderilen muallim,Uhud Şehitliği / Medine,"Hicrî, 3 Şevval 3 / Miladî, 24 Mart 625",40,,8128,[' Medine']
30,Mikdâd b. Amr,Demir kesme aleti,Ebû Ma’bed / Ma’bed’in babası,Fârisü Resûlillah / Resûlullah’ın süvarisi,Amr b. Sa’lebe,Tespit edilemedi.,Behrâoğulları / Yemen,Yemen,"N. Öncesi, 25 / Miladî, 585",Nübüvvetin ilk günleri,23,42,"Bedir, Uhud, Hendek, Hayber, vs.","Komutanlık, süvarilik",Baki Kabristanlığı/Medine,"Hicrî, 33 / Miladî, 653",69,,8130,['Medine']
16,Zeyd b. Sehl,"Artan, çoğalan, ziyadeleşen",Ebû Talha / Talha’nın babası,Tespit edilemedi,Sehl b. Esved,Übade bint Mâlik,Neccaroğulları/Hazrec,Medine,"N. Öncesi, 25 / Miladî, 585 ",Nübüvvetin 12. yılı,11,25,"Bedir, Uhud, Hendek, Huneyn vs.",Hz. Ömer’in seçtiği şurayı kontrol,Akdeniz Adaları,"Hicrî, 34 / Miladî, 655",70,,8116,['Akdeniz Adaları']
56,Osman b. Maz’ûn,Yılan yavrusu,Ebû’s-Sâib,Müsteciru Billah,Maz’ûn b. Habib,Süheyle bint Anbase,Cumahoğulları/Mekke,Mekke,"N. Öncesi, 25/Milâdî, 585",Nübüvvetin ilk günleri,15,0,['Bedir'],['Askerlik'],Bedir,"Hicrî, 2/Milâdî, 624",40,,8156,Bedir
73,Sa'd b. Hayseme,"Mutlu, sakin ve iyi halli",Ebû Hayseme / Hayseme’nin babası,Sa'dü’l-Hayr / Hayırlı Sa'd,Hayseme b. Hâris b. Mâlik,Hind bint Evs b. Adî,Amr b. Avfoğulları/Evs,Medine,"N. Öncesi, 26/Milâdî, 584",Nübüvvetin 11. yılı,2,0,Bedir,,Bedir,"Hicrî, 2/ Milâdî, 624",40,,8173,['Bedir']
26,Ubâde b. Sâmit,Allah’ın küçük kulu,Ebû’l-Velid / Velid’in babası,Kârî / Okuyucu,Sâmit b. Kays b. Esram,Kurretü’l-Ayn bint Ubâde,Hazrec,Medine,"N. Öncesi, 27 / Miladî, 583",Nübüvvetin 11. yılı,11,181,"Bedir, Uhud, Hendek, Mısır Fethi ve diğerleri","Mısır Fethinde komutanlık, muallimlik, kadılık",Remle / Filistin,"Hicrî, 34 / Miladî, 655",72,,8126,[' Filistin']
6,Âmir b. Abdullah,Emir sahibi ve yetkili,Ebû Ubeyde / Ubeyde’nin babası,Eminü’l-Ümme / Ümmetin Emini,Abdullah b. Cerrah,Ümeyme bint Ğanem,Harisoğulları/Mekke,Mekke,"N. Öncesi, 27 / Miladî, 583",Nübüvvetin ilk günleri,23,14,"Bedir, Uhud, Hendek vs.",Suriye bölgesi ordu komutanlığı,Amta Köyü / Beysân / Suriye,"Hicrî, 18 / Miladî, 640",58,,8106,[' Suriye']
50,Hâlid b. Velid,"Sürekli, daimi, ebedi",Ebû Süleyman,Seyfullah,Velîd b. Mûğire,Lübâbe,Mahzûmoğulları/Mekke,Mekke,"N. Öncesi, 27 / Milâdî, 583",Hicretin 8. yılı,3,18,"['Mûte', 'Benî Cezime', 'Yemame', 'Ecnâdeyn']",['Birçok komutanlık'],Humus / Suriye,"Hicrî, 21 / Milâdî, 642",59,,8150,[' Suriye']
10,Ömer b. Hattab,Ömür sürme ve yaşama,Ebû Abdullah / Abdulah’ın babası,Farûk / Hak ile batılı birbirinden ayıran,Hattab b. Nüfeyl,Hanteme bint Hişam,Adiyyoğulları/Mekke,Mekke,"N. Öncesi, 27 / Miladî, 584",Nübüvvetin 6. yılı,17,539,"Bedir, Uhud, Hendek başta olmak üzere tüm gazveler ve birkaç seriyye",Halifelik,Hücre-i Saâdet / Medine,"Hicrî, 26 Zilhicce 23 / Miladî, 3 Kasım 644",61,,8110,[' Medine']
7,İyâd b. Ğanem,"Karşılıksız olarak veren, hibe eden",Ebû Sa’d / Sa’d’ın babası,Zâdu’r-Rikâb / Yolcunun azığı,Ğanem b. Züheyr b. Ebî Şeddad,Tespit edilemedi.,Harisoğulları/Mekke,Mekke,"N. Öncesi, 28 / Miladî, 582",Nübüvvetin 5. yılı,18,4,"Bedir, Uhud, Hendek, Yermûk, Cezire Fetihleri vs.","Humus, Kınnesrîn, Cezire valilikleri vs.",Humus / Suriye,"Hicrî, 20 / Miladî, 641",59,,8107,[' Suriye']
13,Câbir b. Abdullah,"Zorla yaptıran, galip gelen",Ebû Abdullah / Abdullah’ın babası,Tespit edilemedi.,Abdullah b. Amr b. Haram,Enise bint Aname b. Adîyy,Selemeoğulları/Hazrec,Medine,"N. Öncesi, 3 / Miladî, 607",Nübüvvetin 12. yılı,11,1540,"Hamrâülesed, Hendek, Hayber vs.","Komutanlık, muallimlik",Baki Kabristanlığı/Medine,"Hicrî, 78 / Miladî, 697",90,,8113,['Medine']
32,Âtike bint Zeyd,İffetli ve pâk kadın,Tespit edilemedi.,Tespit edilemedi.,Zeyd b. Amr b. Nüfeyl,Ümmü Kureyz bint Abdullah,Adiyyoğulları/Mekke,Mekke,"N. Öncesi, 3/ Miladî, 607",Nübüvvetin ilk günleri,23,Tespit edilemedi.,,,Baki Kabristanlığı/Medine,"Hicrî, 61/ Miladî, 681",74,"Abdullah b. Ebû Bekir, Zeyd b. Hattâb, Ömer b. Hattab, Zübeyr b. Avvâm, Hüseyin b. Ali",8132,['Medine']
51,Hâlid b. Zeyd,"Sürekli, daimi, ebedi",Ebû Eyyûb,Mihmandâr-ı Nebî,Zeyd b. Küleyb,Hind bint Saîd,Neccaroğulları/Hazrec,Medine,"N. Öncesi, 30 / Milâdî, 580",Nübüvvetin 12. yılı,11,155,"['Bedir', 'Uhud', 'Hendek', 'İstanbul seferleri']","['Askerlik', 'özel koruma']",İstanbul,"Hicrî, 52/ Milâdî, 672",92,,8151,['İstanbul']
23,Rümeysa bint Milhan,"Hoş, nazik, zarif ve takım yıldızının en parlak yıldızı",Ümmü Süleym / Süleym’in annesi,Tespit edilemedi.,Milhan b. Hâlid,Melike bint Mâlik,Neccaroğulları/Hazrec,Medine,"N. Öncesi, 30 / Miladî, 580 (?)",Nübüvvetin 11. yılı,11,14,,,Medine,"Hicrî, 41 / Miladî, 662 (?)",82,Malik b. Nadr b. Damdam / Ebû Talha,8123,['Medine']
42,Safvân b. Muattal,"Saf, halis ve temiz",Ebû Ömer (Amr),Sahâbe-i Pakî,Muattal b. Rubeyyia b. es-Sülemî,Tespit edilemedi.,Süleymoğulları/Medine,Medine,"N. Öncesi, 30/ Milâdî, 580",Hicretin 4. yılı,7,2,"['Benî Mustalik', 'Hendek', 'Sümeysât', 'İrmîniye']","['Ordu artçısı', 'komutanlık']",Samsat/Adıyaman,"Hicrî, 19/Milâdî, 640",60,,8142,['Adıyaman']
68,Bilâl b. Rebâh,"Islak, ıslatan, boğazı ıslatan sıvı",Ebû Abdullah/Abdullah’ın Babası,Seyyidü’l-Müezzin/Müezzinlerin Efendisi,Rebâh Ebû Bilâl,Hamâme Ümmü Bilâl,Habeşli,Mekke,"N. Öncesi, 30/ Milâdî, 580",Nübüvvetin ilk günleri,23,44,"Bedir, Uhud, Hendek vs.",Müezzinlik ve özel koruma,Şam/Suriye,"Hicrî, 20/ Milâdî, 640",60,,8168,['Suriye']
8,Selmân-ı Fârisî,"Barış içinde olan, selamete eren, huzurlu",Ebû Abdullah / Abdullah’ın babası,Mevlâ Resûlullah / Resûlullah’ın hizmetkarı,Buzehmeşan b. Mürselan,Tespit edilemedi.,Abü’l-Mülk / İsfehan / İran,İran,"N. Öncesi, 34 / Miladî, 576",Hicretin ilk günleri,11,60,"Hendek, Hudeybiye, Mekke Fethi vs.",Kadisiye ve Medain valiliği,Selmân-ı Pâk Kasabası / Bağdat / Irak,"Hicrî, 36 / Miladî, 656",80,,8108,[' Irak']
72,Cebele b. Hârise,Yaratılış ve dağlar,Bilinmiyor.,Ehû Zeyd/Zeyd’in Kardeşi,Hârise b. Şurahbil,Sû’da bint Sâ’lebe,Kudaâoğulları/Yemen,Yemen,"N. Öncesi, 35/ Milâdî, 575",Hicretin 3. veya 4. senesi,7,1,,,Bilinmiyor.,Bilinmiyor.,Tespit edilemedi.,,8172,['Bilinmiyor.']
43,Şürahbil b. Hasene,"Dahiyane, çok zeki",Ebû Abdurrahman,Fatihü’l-Ürdün,Abdullah b. Mut’â b. Abdullah,Hasene Ümmü Şürahbil,Temimoğulları/ Suudi Arabistan,Mekke,"N. Öncesi, 36/Milâdî, 573",Nübüvvetin ilk günleri,23,2,"['Hayber', 'Tebûk', 'Yemâme', 'Irak', 'Suriye Fetihleri']","['Vahiy kâtipliği', 'komutanlık']",Vadilyâbis/ Ürdün,"Hicrî, 18/ Milâdî, 639",65,,8143,[' Ürdün']
1,Abdullah b. Osman,Allah’ın kulu,Ebû Bekir / Deve yavrusunun babası,"Sıddık / Doğrulayan, tereddütsüz onaylayan",Osman b. Âmir,Selma bint Sahr,Teymoğulları/Mekke,Mekke,"N. Öncesi, 38 / Miladî, 573",Nübüvvetin ilk günleri,23,142,Gazveler,"Hac Emirliği, hilafet",Mescid-i Nebevî / Medine,"Hicrî, 12 / Miladî, 634",63,,8101,[' Medine']
34,Safiyye bint Abdülmuttalib,"Saf, temiz, halis ve katıksız",Ümmü’z-Zübeyr/ Zübeyr’in annesi,Ammetü’n-Nebi/ Peygamberin halası,Abdülmuttalib b. Hâşim,Hâle bint Üheyb,Haşimoğulları/Mekke,Mekke,"N. Öncesi, 43 /Miladî, 567",Nübüvvetin ilk günleri,23,3,,,Baki Kabristanlığı/Medine,"Hicrî, 20/Miladî, 640",73,"Hâris b. Ümeyye, Avvâm b. Hüveylid",8134,['Medine']
62,Hamza b. Abdülmuttalib,"Aslan, heybetli ve azametli olan",Ebû Yâ’la/ Yâ’la’nın babası,Esedullah/Allah’ın aslanı,Abdülmuttalib b. Hâşim,Hâle bint Üheyb,Hâşimoğulları/Mekke,Mekke,"N. Öncesi, 43/Milâdî, 567",Nübüvvetin 6. yılı,10,1,"Bedir, Uhud, Ebva, Aşire, Beni Kaynuka, Hz. Hamza seriyyesi",Askerlik,Uhud Şehitliği / Medine,"Hicrî, 11 Şevval 3 / Milâdî, 27 Mart 626",60,,8162,[' Medine']
77,Leylâ bint Abdullah,Karanlık ve Uzun Gece,Ümmü Süleyman/Süleyman’ın annesi,"Şifâ/Şifa veren, tedavi eden",Abdullah b. Abdişems b. Halef,Fatıma bint Vehb b. Amr,Adiyyoğulları/Mekke,Mekke,"N. Öncesi, 45/Milâdî, 565",Nübüvvetin ilk günleri,23,12,,,Baki Kabristanlığı/Medine,"Hicrî, 20/ Milâdî, 641",76,Ebû Hasme b. Huzeyfe,8177,['Medine']
15,Ammâr b. Yâsir,"İmar eden, memur kılınan",Ebû’l-Yakzân / Yakzân’ın babası,Tayyibi’l-Mutayyeb / Temizliği tasdik edilen kişi,Yâsir b. Âmir,Sümeyye bint Habbat,Ansoğulları / Yemen,Mekke,"N. Öncesi, 46 / Miladî, 564",Nübüvvetin ilk günleri,23,62,"Bedir, Uhud, Hendek, Cemel, Sıffin vs.","Kûfe valiliği, komutanlık, mimarlık",Sıffin / Suriye,"Hicrî, 37 / Miladî, 657",93,,8115,[' Suriye']
41,Ğümeysa bint Milhan,Yol gösteren,Ümmü Haram,Şehidetü’l-Bahr,Milhan b. Hâlid,Melike bint Mâlik,Neccaroğulları/Hazrec,Medine,"N. Öncesi, 47/Milâdî, 563",Nübüvvetin 12. yılı,11,7,,,Larnaka/Kıbrıs,"Hicrî, 28/ Milâdî, 649",86,"['Amr b. Kays', 'Ubâde b. Sâmit']",8141,['Kıbrıs']
27,Fâtıma bint Muhammed (sas),Sütten kesilen bebek,Ümmü Ebîha / Babasının Annesi - Zehra / Beyaz Tenli,"Betül / Allah’a adanmış, iffetli hanım",Muhammed b. Abdullah (sas),Hatice bint Hüveylid,Haşimoğulları/Mekke,Mekke,"N. Öncesi, 5 / Miladî, 605",Nübüvvetin ilk günleri,23,18,,,Baki Kabristanlığı/Medine,"Hicrî, 3 Ramazan 11 - Miladî, 22 Kasım 632",27,Ali b. Ebi Talib,8127,['Medine']
19,Âişe bint Ebi Bekir,Yaşayan ve ömür süren,Ümmü Abdullah / Abdullah’ın annesi,Haliletü Resûlullah (sas) / Resûlullah’ın (sas) sevgilisi - Hümeyra / Pembe yanaklı,Abdullah b. Osman,Ümmü Ruman bint Âmir,Teymoğulları/Mekke,Mekke,"N. Öncesi, 5 / Miladî, 605",Nübüvvetin ilk günleri,23,2210,,,Baki Kabristanlığı/Medine,"Hicrî, 58 / Miladî, 678",74,Muhammed b. Abdullah (sas),8119,['Medine']
60,Esmâ bint Yezîd,"İsimler, adlar",Ümmü Seleme,Hatîbetü’n-Nisâ,Yezid b. Seken b. Râfi,Ümmü Sa’d bint Huzeym,Abdüleşheloğulları/Evs,Medine,"N. Öncesi, 5/ Milâdî, 605",Nübüvvetin 12. yılı,11,81,,,Şam/Suriye,"Hicrî, 70/ Milâdî 689",84,['Ebû Sa’d ez-Zürakî el-Ensarî'],8160,['Suriye']
63,Ubeyde b. Hâris,Küçük kul,"Ebû Muâviye/Muâviye’nin babası, Ebû Hâris/Hâris’in babası",Şehidü’l-Bedr/Bedir Şehidi,Hâris b. Abdülmuttalib,Süheyle bint Cündeb,Haşimoğulları/Mekke,Mekke,"N. Öncesi, 50/ Milâdî, 561",Nübüvvetin ilk günleri,15,0,Rabiğ Seriyyesi ve Bedir,Askerlik,Safra Köyü/Bedir,"Hicrî, 2/ Milâdî 624",63,,8163,['Bedir']
76,Bereke bint Sa’lebe,"Bereket, nimetin çoğalması",Ümmü Eymen / Eymen’in Annesi,Hadinetü’r-Resûl / Resûlullah’ın Dadısı,Sa’lebe b. Amr b. Hısn b. Malik,Tespit edilemedi.,Habeşli,Habeşistan,"N. Öncesi, 50/Milâdî, 560",Nübüvvetin ilk günleri,23,5,,,Baki Kabristanlığı/Medine,"Hicrî, 21/ Milâdî, 644",85,Ubeyd b. Amr / Zeyd b. Hârise,8176,['Medine']
21,Hatice bint Hüveylid,Erken doğan kız çocuğu,Ümmü’l-Kâsım / Kâsım’ın annesi,Kübra / Yüce; Tahire / Temiz,Hüveylid b. Esed,Fatıma bint Zâide,Esedoğulları/Mekke,Mekke,"N. Öncesi, 55 / Miladî, 555",Nübüvvetin ilk günleri,10,1,,,Cennetü’l-Mualla / Mekke,"H. Öncesi, 3 / Miladî, 620",65,"Ebû Hale / Mâlik b. Nebbaş, Atık b. Âiz, Muhammed b. Abdullah (sas)",8121,[' Mekke']
64,Muâz b. Cebel,"Saygı duyulan, korunan",Ebû Abdurrahman/Abdurrahman’ın Babası,İmamü’l-Ülema/Âlimlerin İmamı,Cebel b. Amr b. Evs,Hind bint Sehl b. Cüheyne,Udeyoğulları/Hazrec,Medine,"N. Öncesi, 7/ Milâdî, 603",Nübüvvetin 12. yılı,11,157,"Dimeşk fethi, Ecnâdeyn, Amvâs vs.","Katiplik, elçilik ve haznedarlık",Ağvârüşşimâliyye/Ürdün,"Hicrî, 17/ Milâdî, 638",35,,8164,['Ürdün']
55,Enes b. Mâlik,"İnsan, sevimli dost, cana yakın",Ebû Hamza,Zü’l-Uzüneyn,Malik b. Nadr b. Damdam,Ümmü Süleym bint Milhan,Neccaroğulları/Hazrec,Medine,"N. Sonrası, 3/Milâdî, 612",Nübüvvetin 12. yılı,11,2286,"['Hudeybiye', 'Hayber', 'Umretü’l-Kazâ', 'Mekke Fethi', 'Taif']","['Zekât memurluğu', 'muallimlik']",Basra/Irak,"Hicrî, 90/Milâdî, 709",97,,8155,['Irak']
14,Abdullah b. Abbâs,Allah’ın kulu,Ebû’l-Abbâs / Abbâs’ın babası,el-Bahr / İlimde derya - Tercümanü’l-Kur’an / Kur’ân’ın tercümanı,Abbâs b. Abdülmuttalib,Lübabetü’l-Kübra bint Hâris,Haşimoğulları/Mekke,Mekke,"N. Sonrası, 8 / Miladî, 618",Doğuştan,3,1660,"Cemel, Sıffîn, İstanbul","Basra Valiliği ve Hac Emirliği, Muallimlik",Taif,"Hicrî, 68 / Miladî, 688",70,,8114,Taif
75,Hind bint Ebî Ümeyye,"Yüz veya daha fazla deve, kılıç",Ümmü Seleme / Seleme’nin annesi,Ümmü’l-Mü’minîn / Mü’minlerin annesi,Ebû Ümeyye b. Muğire,Atike bint Amîr b. Rebîa,Mahzûmoğulları/Mekke,Mekke,"N.Öncesi, 14/Milâdî, 596",Nübüvvetin ilk günleri,23,378,,,Baki Kabristanlığı/Medine,"Hicrî, 61/ Milâdî, 680",85,Ebû Seleme/Abdullah b. Abdülesed Muhammed b. Abdullah (sas),8175,['Medine']
47,Abdurrahman b. Avf,Rahmân’ın kulu,Ebû Muhammed,Tâciru’r-Rahmân,Avf b. Abdi Avf,Şifâ bint Avf b. Abd b. Hâris,Zühreoğulları/Mekke,Mekke,"N.Öncesi, 29/ Milâdî, 581",Nübüvvetin ilk günleri,23,65,"['Bedir', 'Uhud', 'Hendek', 'Devmetü’l-Cendel vs.']","['Şura başkanlığı', 'Hac emirliği', 'Beytülmal muhafızlığı']",Baki Kabristanlığı/Medine,"Hicrî, 32/Milâdî, 652",72,,8147,['Medine']
0,Osman b. Affan,Yılan yavrusu,Ebû Abdullah / Abdullah’ın babası,Zinnureyn/İki nur sahibi,Affan b. Ebi’l-Âs,Erva bint Küreyz,Ümeyyeoğulları/Mekke,Taif,"N.Öncesi, 33 / Miladî, 577",Nübüvvetin ilk günleri,23,146,Bedir dışındaki tüm gazveler birçok seriyye,Halifelik,Baki Kabristanlığı/Medine,"Hicrî, 18 Zilhicce 35, Cuma / Miladî, 17 Haziran 656",80,,8100,['Medine']
22,Habib b. Mesleme,"Seven, sevgili, dost",Ebû Abdurrahman / Abdurrahman’ın babası,Habibü’r-Rûm / Rumların sevgilisi,Mesleme b. Mâlik,Zeyneb bint Nâkş b. Vehb,Fihroğulları / Kureyş,Mekke,"Nübüvvet yılı / Miladî, 610",Hicretin 8. yılı,3,1,Yermûk’tan sonraki birçok savaş,Kınnesrîn valiliği ve birçok komutanlık,İrmîniye / Ermenistan,"Hicrî, 42 / Miladî, 662",52,,8122,[' Ermenistan']
9,Berâ b. Malik,"Ayıptan, kusurdan beri olmak, uzaklaşmak",Ehû Enes / Enes’in kardeşi,Tespit edilemedi.,Malik b. Nadr b. Damdam,Ümmü Süleym bint Milhan,Neccaroğulları/Hazrec,Medine,"Nübüvvet yılı / Miladî, 610",Hicrî 1. yıl,10,10,"Hendek, Hudeybiye, Yemame, İran Fetihleri vs.",Askerlik,Tüster / İran,"Hicrî, 20 / Miladî, 641",31,,8109,[' İran']
46,Abdullah b. Ömer,Allah’ın Kulu,Ebû Abdurrahman,Abâdile,Ömer b. Hattab,Zeynep bint Maz’ûn b. Habib,Adiyyoğulları/Mekke,Mekke,"Nübüvvetin 3. yılı/ Milâdî, 614",Nübüvvetin 6. yılı,17,2630,"Hayber , Mekke Fethi  , Mısır , İstanbul ","['Muallimlik', 'fâkihlik']",Mekke,"Hicrî, 73/ Milâdî, 692",78,,8146,['Mekke']
59,Fedâle b. Ubeyd,"Artan, Fazlalaşan, Kalan",Ebû Muhammed,Tespit edilemedi.,Ubeyd b. Nafiz b. Kays,Ukbe bint Muhammed b. Ukbe,Amr b. Avfoğulları/Evs,Medine,Tespit edilemedi.,Hicretin 1. yılı,10,50,"['Uhud', 'Hendek', 'Suriye', 'İstanbul Seferleri vs.']","['Kadılık', 'kurralık ve muallimlik']",Şam/Suriye,"Hicrî, 53/ Milâdî, 673",Tespit edilemedi.,,8159,['Suriye']
4,Cerîr b. Abdullah,"İp, halat, yular",Ebû Amr / Amr’ın babası,Yusuf Hazihi’l-Ümme / Ümmetin Yusuf’u,Abdullah b. Câbir,Tespit edilemedi.,Becileoğulları / Yemen,Yemen,Tespit edilemedi.,Hicretin 10. yılı,1,100,"İrtidat seferleri, Nuhayle, Cerûre, Cezire fetihleri ","Hemadan ve Kûfe valiliği,Kadisiye",Karkisiye / Karkamış / Gaziantep,"Hicrî, 51 / Miladî, 671",Tespit edilemedi.,,8104,[' Gaziantep']
33,Huzeyfe b. Yemân,Küçük kiremitçi,Ebû Abdullah/Abdullah’ın babası,Sirri Resûlullah/ Allah Resûlü’nün Sırdaşı,Huseyl b. Câbir el-Absî,Rebâb bint Kâ’b,Abdsoğulları/Necid,Medine,Tespit edilemedi.,Hicretin 2. yılı,9,225,"Uhud, Hendek, Nihâvend, vs.","Zekât Memurluğu, Valilik",Medâin/İran,"Hicrî, 36/ Miladî, 656",Tespit edilemedi.,,8133,['İran']
78,Amr b. Habib,"Ömürlü, ömür sürmek",Ebû Mihcen,,Habib b. Amr b. Ümeyr es-Sekafî,Kunûd bint Abdullah,Sakîf/Taif,Taif,Tespit edilemedi.,Hicretin 9. yılı,2,10,"['Kâdisiye', 'İran', 'Azerbaycan']","['Askerlik', 'Şairlik']",Azerbaycan,"Hicrî, 30",Tespit edilemedi.,,8178,['Azerbaycan']
65,Ka’kâ b. Amr,"Takırdamak, ses çıkarmak",Tespit edilemedi.,Tespit edilmedi.,Amr b. Mâlik,Tespit edilemedi.,Temimoğulları/ Suudi Arabistan,Suudi Arabistan,Tespit edilemedi.,"Hicrî, 10",1,0,"Bûzâha, Kâdisiye, Yermûk, Cemel, Cezire vs.","Komutanlık, elçilik",Tespit edilemedi.,"Hicrî, 40/Milâdî, 660",Tespit edilemedi.,,8165,['Tespit edilemedi.']
37,Abdullah b. Revâha,Allah’ın kulu,Ebû Muhammed/ Muhammed’in Babası,Şâiru’r-Resûlullah/Resûlullah’ın Şairi,Revâha b. Sa’lebe,Kebşe bint Vâkıt,Harisoğulları/Hazrec,Medine,Tespit edilemedi.,Nübüvvetin 11. yılı,11,10,"Bedir, Uhud, Hendek, Hayber ve Mûte","Medine’de vekâlet, komutanlık ve sancaktarlık",Mûte/Ürdün,"Hicrî, 8/ Miladî, 629",Tespit edilemedi.,,8137,['Ürdün']
61,Afra bint Ubeyd,"Ayın on üçüncü gecesi, beyaz toprak",Ümmü Sebatü’ş-Şüheda/Yedi Şehid Annesi,Sümeyra/ Meyvenin çağla hali,Ubeyd b. Sa’lebe b. Seva,Ruat bint Adiyy b. Muaz,Neccaroğulları/Hazrec,Medine,Tespit edilemedi.,Nübüvvetin 11. yılı,11,Tespit edilemedi.,,,Medine,Tespit edilemedi.,Tespit edilemedi.,"Hâris b. Rifaâ, Bükeyr b. Yaleyl",8161,['Medine']
66,Übey b. Kâ’b,"Yılmaz, sağlam, yıkılmaz",Ebü’l-Münzir/ Münzir’in babası,Seyyidü’l-Kurrâ/Kur’ân okuyucularının efendisi,Ka’b b. Kays b. Ubeyd,Süheyle bint Neccar,Neccaroğulları/Hazrec,Medine,Tespit edilemedi.,Nübüvvetin 12. yılı,11,164,"Bedir, Uhud, Hendek, vs.","Zekât Memurluğu, Muallimlik, Katiplik",Baki Kabristanlığı/Medine,"Hicrî, 35/ Milâdî, 656",Tespit edilemedi.,,8166,['Medine']
58,Nuaymân b. Amr,Nimetler içinde yaşayan,Ebû Amr,Mezzâh,Amr b. Rifâa,Futayme el-Kâhiniyye,Neccaroğulları/Hazrec,Medine,Tespit edilemedi.,Nübüvvetin 12. yılı,11,Tespit edilemedi.,"['Bedir', 'Uhud', 'Hendek']",['Tespit edilemedi.'],Medine,"Hicrî, 48/ Milâdî, 668",Tespit edilemedi.,,8158,['Medine']
67,Külsûm b. Hidm,"Yuvarlak, dolgun yüzlü",Ebû Kays/ Kays’ın babası,Sahibü’l-Mescidü’l-Kubâ/Kubâ Mescidi’nin sahibi,Hidm b. İmrü’l-Kays b. Hâris,Tespit edilemedi.,Amr b. Avfoğulları/Evs,Medine,Tespit edilemedi.,Nübüvvetin 13. yılı,1,0,,Yok.,Medine,"Hicrî, 1/ Milâdî 623",100,,8167,['Medine']
36,Mâlik b. Teyyihan,"Sahip, tassaruf edebilen",Ebu’l-Heysem/ Heysem’in Babası,Züsseyfeyn/İki kılıç sahibi,Teyyihan b. Mâlik b. Atîk,Leyla bint Atîk b. Amr,Abdüleşheloğulları/Evs,Medine,Tespit edilemedi..,Nübüvvetin 11. yılı,11,1,"Bedir, Uhud, Hendek, vs.",Hayber ve Fedek bölgesinin vergi tahsildarlığı,Baki Kabristanlığı/Medine,"Hicrî, 20/ Miladî, 641",Tespit edilemedi.,,8136,['Medine']
12,Cündeb b. Cünâde,Bir nevi çekirge ve yağmacı,"Ebû Zer / Yayanın, saçanın babası",Mesîhu’l-İslam / İslam’ın Mesihi,Cünâde b. Süfyân,Remle bint Vakiâ,Ğifaroğulları / Rabiğ,Rabiğ,Tespit edilemedi..,Nübüvvetin ilk günleri,23,281,"Hudeybiye, Mekke Fethi, Huneyn, Ammûriye ",Kabilesinin sancaktarı,Rebeze / Suudi Arabistan,"Hicrî, 32 / Miladî, 653",Tespit edilemedi.,,8112,[' Suudi Arabistan']